contributor-id=GOC:Chandra Theesfeld	contributor-id=https://orcid.org/0000-0002-8379-6600
contributor-id=GOC:Diane Inglis	contributor-id=https://orcid.org/0000-0003-3166-4638
contributor-id=GOC:Emily Camozzi	contributor-id=http://orcid.org/0000-0003-0855-3059
contributor-id=GOC:Eurie Hong	contributor-id=https://orcid.org/0000-0002-1775-4998
contributor-id=GOC:Janos Demeter	contributor-id=https://orcid.org/0000-0002-7301-8055
contributor-id=GOC:Jodi Hirschman	contributor-id=https://orcid.org/0000-0001-8850-9925
contributor-id=GOC:Kara Dolinski	contributor-id=https://orcid.org/0000-0002-7010-0264
contributor-id=GOC:Karen Christie	contributor-id=https://orcid.org/0000-0001-5501-853X
contributor-id=GOC:Maria Costanzo	contributor-id=https://orcid.org/0000-0001-9043-693X
contributor-id=GOC:Paul Lloyd	contributor-id=https://orcid.org/0000-0003-3508-5553
contributor-id=GOC:Rose Oughtred	contributor-id=https://orcid.org/0000-0002-6475-3373
contributor-id=GOC:Selina Dwight	contributor-id= https://orcid.org/0000-0002-8546-7798
contributor-id=GOC:Terry Jackson	contributor-id=https://orcid.org/0000-0003-2387-6411
contributor-id=GOC:Julie Park	contributor-id=GOC:Julie_Park
contributor-id=GOC:Cynthia Krieger	contributor-id=GOC:Cynthia_Krieger
contributor-id=GOC:Anand Sethuraman	contributor-id=GOC:Anand_Sethuraman
